prompt_idx,prompt,token_idx,token,feature_id,activation,rank
1,The stock market is performing well today with strong gains.,0,<s>,205,94.6,1
1,The stock market is performing well today with strong gains.,0,<s>,94,94.0,2
1,The stock market is performing well today with strong gains.,0,<s>,248,85.94,3
1,The stock market is performing well today with strong gains.,0,<s>,93,82.8,4
1,The stock market is performing well today with strong gains.,0,<s>,39,80.7,5
1,The stock market is performing well today with strong gains.,1,▁The,116,61.34,1
1,The stock market is performing well today with strong gains.,1,▁The,276,35.2,2
1,The stock market is performing well today with strong gains.,1,▁The,134,22.06,3
1,The stock market is performing well today with strong gains.,1,▁The,224,16.62,4
1,The stock market is performing well today with strong gains.,1,▁The,304,14.44,5
1,The stock market is performing well today with strong gains.,2,▁stock,116,25.53,1
1,The stock market is performing well today with strong gains.,2,▁stock,276,18.95,2
1,The stock market is performing well today with strong gains.,2,▁stock,271,10.766,3
1,The stock market is performing well today with strong gains.,2,▁stock,319,9.85,4
1,The stock market is performing well today with strong gains.,2,▁stock,134,8.56,5
1,The stock market is performing well today with strong gains.,3,▁market,116,34.7,1
1,The stock market is performing well today with strong gains.,3,▁market,276,17.47,2
1,The stock market is performing well today with strong gains.,3,▁market,271,15.336,3
1,The stock market is performing well today with strong gains.,3,▁market,319,15.164,4
1,The stock market is performing well today with strong gains.,3,▁market,134,11.38,5
1,The stock market is performing well today with strong gains.,4,▁is,116,31.4,1
1,The stock market is performing well today with strong gains.,4,▁is,210,18.88,2
1,The stock market is performing well today with strong gains.,4,▁is,276,14.3,3
1,The stock market is performing well today with strong gains.,4,▁is,375,12.52,4
1,The stock market is performing well today with strong gains.,4,▁is,96,11.555,5
1,The stock market is performing well today with strong gains.,5,▁performing,116,43.22,1
1,The stock market is performing well today with strong gains.,5,▁performing,134,17.69,2
1,The stock market is performing well today with strong gains.,5,▁performing,378,17.12,3
1,The stock market is performing well today with strong gains.,5,▁performing,169,16.11,4
1,The stock market is performing well today with strong gains.,5,▁performing,276,13.33,5
1,The stock market is performing well today with strong gains.,6,▁well,116,44.9,1
1,The stock market is performing well today with strong gains.,6,▁well,392,24.03,2
1,The stock market is performing well today with strong gains.,6,▁well,375,19.75,3
1,The stock market is performing well today with strong gains.,6,▁well,191,18.12,4
1,The stock market is performing well today with strong gains.,6,▁well,276,15.266,5
1,The stock market is performing well today with strong gains.,7,▁today,116,37.03,1
1,The stock market is performing well today with strong gains.,7,▁today,191,20.7,2
1,The stock market is performing well today with strong gains.,7,▁today,375,17.98,3
1,The stock market is performing well today with strong gains.,7,▁today,276,13.76,4
1,The stock market is performing well today with strong gains.,7,▁today,134,13.01,5
1,The stock market is performing well today with strong gains.,8,▁with,116,36.7,1
1,The stock market is performing well today with strong gains.,8,▁with,253,15.3,2
1,The stock market is performing well today with strong gains.,8,▁with,375,14.96,3
1,The stock market is performing well today with strong gains.,8,▁with,217,14.31,4
1,The stock market is performing well today with strong gains.,8,▁with,276,12.914,5
1,The stock market is performing well today with strong gains.,9,▁strong,116,30.86,1
1,The stock market is performing well today with strong gains.,9,▁strong,47,16.52,2
1,The stock market is performing well today with strong gains.,9,▁strong,87,13.336,3
1,The stock market is performing well today with strong gains.,9,▁strong,276,12.34,4
1,The stock market is performing well today with strong gains.,9,▁strong,345,11.414,5
1,The stock market is performing well today with strong gains.,10,▁g,247,14.3,1
1,The stock market is performing well today with strong gains.,10,▁g,161,12.625,2
1,The stock market is performing well today with strong gains.,10,▁g,119,12.13,3
1,The stock market is performing well today with strong gains.,10,▁g,116,11.89,4
1,The stock market is performing well today with strong gains.,10,▁g,263,9.74,5
1,The stock market is performing well today with strong gains.,11,ains,116,27.0,1
1,The stock market is performing well today with strong gains.,11,ains,375,16.53,2
1,The stock market is performing well today with strong gains.,11,ains,77,14.58,3
1,The stock market is performing well today with strong gains.,11,ains,50,14.17,4
1,The stock market is performing well today with strong gains.,11,ains,389,12.43,5
1,The stock market is performing well today with strong gains.,12,.,205,309.2,1
1,The stock market is performing well today with strong gains.,12,.,364,288.8,2
1,The stock market is performing well today with strong gains.,12,.,248,272.0,3
1,The stock market is performing well today with strong gains.,12,.,37,265.0,4
1,The stock market is performing well today with strong gains.,12,.,254,258.5,5
2,The weather forecast predicts sunny skies and warm temperatures.,0,<s>,205,94.6,1
2,The weather forecast predicts sunny skies and warm temperatures.,0,<s>,94,94.0,2
2,The weather forecast predicts sunny skies and warm temperatures.,0,<s>,248,85.94,3
2,The weather forecast predicts sunny skies and warm temperatures.,0,<s>,93,82.8,4
2,The weather forecast predicts sunny skies and warm temperatures.,0,<s>,39,80.7,5
2,The weather forecast predicts sunny skies and warm temperatures.,1,▁The,116,61.3,1
2,The weather forecast predicts sunny skies and warm temperatures.,1,▁The,276,35.2,2
2,The weather forecast predicts sunny skies and warm temperatures.,1,▁The,134,22.03,3
2,The weather forecast predicts sunny skies and warm temperatures.,1,▁The,224,16.62,4
2,The weather forecast predicts sunny skies and warm temperatures.,1,▁The,304,14.44,5
2,The weather forecast predicts sunny skies and warm temperatures.,2,▁weather,116,33.47,1
2,The weather forecast predicts sunny skies and warm temperatures.,2,▁weather,276,21.12,2
2,The weather forecast predicts sunny skies and warm temperatures.,2,▁weather,271,14.11,3
2,The weather forecast predicts sunny skies and warm temperatures.,2,▁weather,198,12.29,4
2,The weather forecast predicts sunny skies and warm temperatures.,2,▁weather,134,11.32,5
2,The weather forecast predicts sunny skies and warm temperatures.,3,▁forec,290,13.97,1
2,The weather forecast predicts sunny skies and warm temperatures.,3,▁forec,355,8.33,2
2,The weather forecast predicts sunny skies and warm temperatures.,3,▁forec,157,8.234,3
2,The weather forecast predicts sunny skies and warm temperatures.,3,▁forec,116,7.875,4
2,The weather forecast predicts sunny skies and warm temperatures.,3,▁forec,276,7.73,5
2,The weather forecast predicts sunny skies and warm temperatures.,4,ast,116,24.98,1
2,The weather forecast predicts sunny skies and warm temperatures.,4,ast,355,18.8,2
2,The weather forecast predicts sunny skies and warm temperatures.,4,ast,276,16.42,3
2,The weather forecast predicts sunny skies and warm temperatures.,4,ast,271,12.89,4
2,The weather forecast predicts sunny skies and warm temperatures.,4,ast,375,10.61,5
2,The weather forecast predicts sunny skies and warm temperatures.,5,▁predict,116,25.9,1
2,The weather forecast predicts sunny skies and warm temperatures.,5,▁predict,70,17.33,2
2,The weather forecast predicts sunny skies and warm temperatures.,5,▁predict,185,14.35,3
2,The weather forecast predicts sunny skies and warm temperatures.,5,▁predict,276,11.48,4
2,The weather forecast predicts sunny skies and warm temperatures.,5,▁predict,134,10.625,5
2,The weather forecast predicts sunny skies and warm temperatures.,6,s,116,51.28,1
2,The weather forecast predicts sunny skies and warm temperatures.,6,s,231,27.06,2
2,The weather forecast predicts sunny skies and warm temperatures.,6,s,276,20.92,3
2,The weather forecast predicts sunny skies and warm temperatures.,6,s,377,15.95,4
2,The weather forecast predicts sunny skies and warm temperatures.,6,s,134,14.484,5
2,The weather forecast predicts sunny skies and warm temperatures.,7,▁sun,116,22.56,1
2,The weather forecast predicts sunny skies and warm temperatures.,7,▁sun,175,16.45,2
2,The weather forecast predicts sunny skies and warm temperatures.,7,▁sun,231,10.4,3
2,The weather forecast predicts sunny skies and warm temperatures.,7,▁sun,276,8.52,4
2,The weather forecast predicts sunny skies and warm temperatures.,7,▁sun,286,8.016,5
2,The weather forecast predicts sunny skies and warm temperatures.,8,ny,116,32.34,1
2,The weather forecast predicts sunny skies and warm temperatures.,8,ny,231,18.52,2
2,The weather forecast predicts sunny skies and warm temperatures.,8,ny,47,13.87,3
2,The weather forecast predicts sunny skies and warm temperatures.,8,ny,134,12.85,4
2,The weather forecast predicts sunny skies and warm temperatures.,8,ny,276,12.76,5
2,The weather forecast predicts sunny skies and warm temperatures.,9,▁sk,119,15.04,1
2,The weather forecast predicts sunny skies and warm temperatures.,9,▁sk,116,12.25,2
2,The weather forecast predicts sunny skies and warm temperatures.,9,▁sk,208,11.77,3
2,The weather forecast predicts sunny skies and warm temperatures.,9,▁sk,231,7.168,4
2,The weather forecast predicts sunny skies and warm temperatures.,9,▁sk,161,7.156,5
2,The weather forecast predicts sunny skies and warm temperatures.,10,ies,116,32.03,1
2,The weather forecast predicts sunny skies and warm temperatures.,10,ies,286,19.2,2
2,The weather forecast predicts sunny skies and warm temperatures.,10,ies,375,14.83,3
2,The weather forecast predicts sunny skies and warm temperatures.,10,ies,276,13.83,4
2,The weather forecast predicts sunny skies and warm temperatures.,10,ies,314,12.695,5
2,The weather forecast predicts sunny skies and warm temperatures.,11,▁and,116,40.97,1
2,The weather forecast predicts sunny skies and warm temperatures.,11,▁and,231,26.6,2
2,The weather forecast predicts sunny skies and warm temperatures.,11,▁and,276,13.86,3
2,The weather forecast predicts sunny skies and warm temperatures.,11,▁and,316,13.29,4
2,The weather forecast predicts sunny skies and warm temperatures.,11,▁and,134,13.08,5
2,The weather forecast predicts sunny skies and warm temperatures.,12,▁warm,116,44.28,1
2,The weather forecast predicts sunny skies and warm temperatures.,12,▁warm,231,24.39,2
2,The weather forecast predicts sunny skies and warm temperatures.,12,▁warm,134,22.58,3
2,The weather forecast predicts sunny skies and warm temperatures.,12,▁warm,47,15.91,4
2,The weather forecast predicts sunny skies and warm temperatures.,12,▁warm,172,10.65,5
2,The weather forecast predicts sunny skies and warm temperatures.,13,▁temper,116,22.97,1
2,The weather forecast predicts sunny skies and warm temperatures.,13,▁temper,119,17.56,2
2,The weather forecast predicts sunny skies and warm temperatures.,13,▁temper,208,15.72,3
2,The weather forecast predicts sunny skies and warm temperatures.,13,▁temper,293,13.3,4
2,The weather forecast predicts sunny skies and warm temperatures.,13,▁temper,134,12.16,5
2,The weather forecast predicts sunny skies and warm temperatures.,14,atures,116,40.06,1
2,The weather forecast predicts sunny skies and warm temperatures.,14,atures,286,25.64,2
2,The weather forecast predicts sunny skies and warm temperatures.,14,atures,375,19.14,3
2,The weather forecast predicts sunny skies and warm temperatures.,14,atures,276,15.6,4
2,The weather forecast predicts sunny skies and warm temperatures.,14,atures,355,13.516,5
2,The weather forecast predicts sunny skies and warm temperatures.,15,.,205,323.5,1
2,The weather forecast predicts sunny skies and warm temperatures.,15,.,364,301.2,2
2,The weather forecast predicts sunny skies and warm temperatures.,15,.,248,285.8,3
2,The weather forecast predicts sunny skies and warm temperatures.,15,.,37,276.8,4
2,The weather forecast predicts sunny skies and warm temperatures.,15,.,254,271.2,5
3,Scientists discovered a new species of butterfly in the Amazon rainforest.,0,<s>,205,94.6,1
3,Scientists discovered a new species of butterfly in the Amazon rainforest.,0,<s>,94,94.0,2
3,Scientists discovered a new species of butterfly in the Amazon rainforest.,0,<s>,248,85.94,3
3,Scientists discovered a new species of butterfly in the Amazon rainforest.,0,<s>,93,82.8,4
3,Scientists discovered a new species of butterfly in the Amazon rainforest.,0,<s>,39,80.7,5
3,Scientists discovered a new species of butterfly in the Amazon rainforest.,1,▁Scient,116,32.34,1
3,Scientists discovered a new species of butterfly in the Amazon rainforest.,1,▁Scient,72,19.64,2
3,Scientists discovered a new species of butterfly in the Amazon rainforest.,1,▁Scient,276,17.89,3
3,Scientists discovered a new species of butterfly in the Amazon rainforest.,1,▁Scient,134,13.83,4
3,Scientists discovered a new species of butterfly in the Amazon rainforest.,1,▁Scient,280,7.14,5
3,Scientists discovered a new species of butterfly in the Amazon rainforest.,2,ists,116,37.72,1
3,Scientists discovered a new species of butterfly in the Amazon rainforest.,2,ists,280,24.73,2
3,Scientists discovered a new species of butterfly in the Amazon rainforest.,2,ists,276,19.5,3
3,Scientists discovered a new species of butterfly in the Amazon rainforest.,2,ists,370,16.89,4
3,Scientists discovered a new species of butterfly in the Amazon rainforest.,2,ists,341,15.18,5
3,Scientists discovered a new species of butterfly in the Amazon rainforest.,3,▁discovered,116,55.1,1
3,Scientists discovered a new species of butterfly in the Amazon rainforest.,3,▁discovered,276,23.05,2
3,Scientists discovered a new species of butterfly in the Amazon rainforest.,3,▁discovered,96,18.81,3
3,Scientists discovered a new species of butterfly in the Amazon rainforest.,3,▁discovered,377,16.39,4
3,Scientists discovered a new species of butterfly in the Amazon rainforest.,3,▁discovered,134,14.484,5
3,Scientists discovered a new species of butterfly in the Amazon rainforest.,4,▁a,116,58.84,1
3,Scientists discovered a new species of butterfly in the Amazon rainforest.,4,▁a,100,25.84,2
3,Scientists discovered a new species of butterfly in the Amazon rainforest.,4,▁a,276,19.94,3
3,Scientists discovered a new species of butterfly in the Amazon rainforest.,4,▁a,134,13.59,4
3,Scientists discovered a new species of butterfly in the Amazon rainforest.,4,▁a,375,10.68,5
3,Scientists discovered a new species of butterfly in the Amazon rainforest.,5,▁new,116,51.66,1
3,Scientists discovered a new species of butterfly in the Amazon rainforest.,5,▁new,276,20.27,2
3,Scientists discovered a new species of butterfly in the Amazon rainforest.,5,▁new,134,16.78,3
3,Scientists discovered a new species of butterfly in the Amazon rainforest.,5,▁new,273,13.07,4
3,Scientists discovered a new species of butterfly in the Amazon rainforest.,5,▁new,282,11.84,5
3,Scientists discovered a new species of butterfly in the Amazon rainforest.,6,▁species,116,47.25,1
3,Scientists discovered a new species of butterfly in the Amazon rainforest.,6,▁species,183,26.45,2
3,Scientists discovered a new species of butterfly in the Amazon rainforest.,6,▁species,134,17.1,3
3,Scientists discovered a new species of butterfly in the Amazon rainforest.,6,▁species,282,15.63,4
3,Scientists discovered a new species of butterfly in the Amazon rainforest.,6,▁species,375,15.195,5
3,Scientists discovered a new species of butterfly in the Amazon rainforest.,7,▁of,116,37.1,1
3,Scientists discovered a new species of butterfly in the Amazon rainforest.,7,▁of,371,22.34,2
3,Scientists discovered a new species of butterfly in the Amazon rainforest.,7,▁of,365,20.66,3
3,Scientists discovered a new species of butterfly in the Amazon rainforest.,7,▁of,282,17.78,4
3,Scientists discovered a new species of butterfly in the Amazon rainforest.,7,▁of,134,15.09,5
3,Scientists discovered a new species of butterfly in the Amazon rainforest.,8,▁but,116,27.22,1
3,Scientists discovered a new species of butterfly in the Amazon rainforest.,8,▁but,134,19.36,2
3,Scientists discovered a new species of butterfly in the Amazon rainforest.,8,▁but,371,9.875,3
3,Scientists discovered a new species of butterfly in the Amazon rainforest.,8,▁but,282,8.96,4
3,Scientists discovered a new species of butterfly in the Amazon rainforest.,8,▁but,327,8.305,5
3,Scientists discovered a new species of butterfly in the Amazon rainforest.,9,ter,116,21.44,1
3,Scientists discovered a new species of butterfly in the Amazon rainforest.,9,ter,175,14.28,2
3,Scientists discovered a new species of butterfly in the Amazon rainforest.,9,ter,290,12.81,3
3,Scientists discovered a new species of butterfly in the Amazon rainforest.,9,ter,134,11.26,4
3,Scientists discovered a new species of butterfly in the Amazon rainforest.,9,ter,327,8.07,5
3,Scientists discovered a new species of butterfly in the Amazon rainforest.,10,fly,116,39.9,1
3,Scientists discovered a new species of butterfly in the Amazon rainforest.,10,fly,389,19.12,2
3,Scientists discovered a new species of butterfly in the Amazon rainforest.,10,fly,91,18.97,3
3,Scientists discovered a new species of butterfly in the Amazon rainforest.,10,fly,375,18.72,4
3,Scientists discovered a new species of butterfly in the Amazon rainforest.,10,fly,282,17.44,5
3,Scientists discovered a new species of butterfly in the Amazon rainforest.,11,▁in,116,39.44,1
3,Scientists discovered a new species of butterfly in the Amazon rainforest.,11,▁in,22,21.81,2
3,Scientists discovered a new species of butterfly in the Amazon rainforest.,11,▁in,134,15.57,3
3,Scientists discovered a new species of butterfly in the Amazon rainforest.,11,▁in,58,15.5,4
3,Scientists discovered a new species of butterfly in the Amazon rainforest.,11,▁in,268,15.24,5
3,Scientists discovered a new species of butterfly in the Amazon rainforest.,12,▁the,116,36.66,1
3,Scientists discovered a new species of butterfly in the Amazon rainforest.,12,▁the,239,26.03,2
3,Scientists discovered a new species of butterfly in the Amazon rainforest.,12,▁the,58,18.23,3
3,Scientists discovered a new species of butterfly in the Amazon rainforest.,12,▁the,282,17.78,4
3,Scientists discovered a new species of butterfly in the Amazon rainforest.,12,▁the,304,16.72,5
3,Scientists discovered a new species of butterfly in the Amazon rainforest.,13,▁Amazon,116,34.28,1
3,Scientists discovered a new species of butterfly in the Amazon rainforest.,13,▁Amazon,375,15.664,2
3,Scientists discovered a new species of butterfly in the Amazon rainforest.,13,▁Amazon,283,14.12,3
3,Scientists discovered a new species of butterfly in the Amazon rainforest.,13,▁Amazon,134,12.625,4
3,Scientists discovered a new species of butterfly in the Amazon rainforest.,13,▁Amazon,58,12.09,5
3,Scientists discovered a new species of butterfly in the Amazon rainforest.,14,▁rain,116,36.88,1
3,Scientists discovered a new species of butterfly in the Amazon rainforest.,14,▁rain,175,21.64,2
3,Scientists discovered a new species of butterfly in the Amazon rainforest.,14,▁rain,172,15.84,3
3,Scientists discovered a new species of butterfly in the Amazon rainforest.,14,▁rain,26,14.234,4
3,Scientists discovered a new species of butterfly in the Amazon rainforest.,14,▁rain,134,13.25,5
3,Scientists discovered a new species of butterfly in the Amazon rainforest.,15,for,290,24.17,1
3,Scientists discovered a new species of butterfly in the Amazon rainforest.,15,for,116,18.92,2
3,Scientists discovered a new species of butterfly in the Amazon rainforest.,15,for,161,14.31,3
3,Scientists discovered a new species of butterfly in the Amazon rainforest.,15,for,26,11.695,4
3,Scientists discovered a new species of butterfly in the Amazon rainforest.,15,for,249,11.63,5
3,Scientists discovered a new species of butterfly in the Amazon rainforest.,16,est,116,42.4,1
3,Scientists discovered a new species of butterfly in the Amazon rainforest.,16,est,375,21.1,2
3,Scientists discovered a new species of butterfly in the Amazon rainforest.,16,est,91,14.17,3
3,Scientists discovered a new species of butterfly in the Amazon rainforest.,16,est,283,13.234,4
3,Scientists discovered a new species of butterfly in the Amazon rainforest.,16,est,191,11.28,5
3,Scientists discovered a new species of butterfly in the Amazon rainforest.,17,.,205,319.0,1
3,Scientists discovered a new species of butterfly in the Amazon rainforest.,17,.,364,301.5,2
3,Scientists discovered a new species of butterfly in the Amazon rainforest.,17,.,248,281.2,3
3,Scientists discovered a new species of butterfly in the Amazon rainforest.,17,.,37,274.2,4
3,Scientists discovered a new species of butterfly in the Amazon rainforest.,17,.,254,267.2,5
4,The company reported strong quarterly earnings with revenue growth of 15% year-over-year.,0,<s>,205,94.6,1
4,The company reported strong quarterly earnings with revenue growth of 15% year-over-year.,0,<s>,94,94.0,2
4,The company reported strong quarterly earnings with revenue growth of 15% year-over-year.,0,<s>,248,85.94,3
4,The company reported strong quarterly earnings with revenue growth of 15% year-over-year.,0,<s>,93,82.8,4
4,The company reported strong quarterly earnings with revenue growth of 15% year-over-year.,0,<s>,39,80.7,5
4,The company reported strong quarterly earnings with revenue growth of 15% year-over-year.,1,▁The,116,61.3,1
4,The company reported strong quarterly earnings with revenue growth of 15% year-over-year.,1,▁The,276,35.2,2
4,The company reported strong quarterly earnings with revenue growth of 15% year-over-year.,1,▁The,134,22.03,3
4,The company reported strong quarterly earnings with revenue growth of 15% year-over-year.,1,▁The,224,16.62,4
4,The company reported strong quarterly earnings with revenue growth of 15% year-over-year.,1,▁The,304,14.44,5
4,The company reported strong quarterly earnings with revenue growth of 15% year-over-year.,2,▁company,116,52.97,1
4,The company reported strong quarterly earnings with revenue growth of 15% year-over-year.,2,▁company,276,25.25,2
4,The company reported strong quarterly earnings with revenue growth of 15% year-over-year.,2,▁company,134,21.48,3
4,The company reported strong quarterly earnings with revenue growth of 15% year-over-year.,2,▁company,271,16.34,4
4,The company reported strong quarterly earnings with revenue growth of 15% year-over-year.,2,▁company,319,12.5,5
4,The company reported strong quarterly earnings with revenue growth of 15% year-over-year.,3,▁reported,116,19.84,1
4,The company reported strong quarterly earnings with revenue growth of 15% year-over-year.,3,▁reported,276,12.81,2
4,The company reported strong quarterly earnings with revenue growth of 15% year-over-year.,3,▁reported,377,10.82,3
4,The company reported strong quarterly earnings with revenue growth of 15% year-over-year.,3,▁reported,96,9.625,4
4,The company reported strong quarterly earnings with revenue growth of 15% year-over-year.,3,▁reported,375,8.94,5
4,The company reported strong quarterly earnings with revenue growth of 15% year-over-year.,4,▁strong,116,46.0,1
4,The company reported strong quarterly earnings with revenue growth of 15% year-over-year.,4,▁strong,276,18.72,2
4,The company reported strong quarterly earnings with revenue growth of 15% year-over-year.,4,▁strong,134,16.16,3
4,The company reported strong quarterly earnings with revenue growth of 15% year-over-year.,4,▁strong,47,15.67,4
4,The company reported strong quarterly earnings with revenue growth of 15% year-over-year.,4,▁strong,345,12.8,5
4,The company reported strong quarterly earnings with revenue growth of 15% year-over-year.,5,▁quarter,116,32.3,1
4,The company reported strong quarterly earnings with revenue growth of 15% year-over-year.,5,▁quarter,134,17.56,2
4,The company reported strong quarterly earnings with revenue growth of 15% year-over-year.,5,▁quarter,345,10.96,3
4,The company reported strong quarterly earnings with revenue growth of 15% year-over-year.,5,▁quarter,375,9.25,4
4,The company reported strong quarterly earnings with revenue growth of 15% year-over-year.,5,▁quarter,276,9.2,5
4,The company reported strong quarterly earnings with revenue growth of 15% year-over-year.,6,ly,116,41.56,1
4,The company reported strong quarterly earnings with revenue growth of 15% year-over-year.,6,ly,134,15.664,2
4,The company reported strong quarterly earnings with revenue growth of 15% year-over-year.,6,ly,172,14.055,3
4,The company reported strong quarterly earnings with revenue growth of 15% year-over-year.,6,ly,345,12.71,4
4,The company reported strong quarterly earnings with revenue growth of 15% year-over-year.,6,ly,47,11.836,5
4,The company reported strong quarterly earnings with revenue growth of 15% year-over-year.,7,▁ear,116,27.6,1
4,The company reported strong quarterly earnings with revenue growth of 15% year-over-year.,7,▁ear,208,15.29,2
4,The company reported strong quarterly earnings with revenue growth of 15% year-over-year.,7,▁ear,119,14.06,3
4,The company reported strong quarterly earnings with revenue growth of 15% year-over-year.,7,▁ear,134,13.73,4
4,The company reported strong quarterly earnings with revenue growth of 15% year-over-year.,7,▁ear,375,8.086,5
4,The company reported strong quarterly earnings with revenue growth of 15% year-over-year.,8,nings,116,33.8,1
4,The company reported strong quarterly earnings with revenue growth of 15% year-over-year.,8,nings,375,19.05,2
4,The company reported strong quarterly earnings with revenue growth of 15% year-over-year.,8,nings,191,15.94,3
4,The company reported strong quarterly earnings with revenue growth of 15% year-over-year.,8,nings,345,14.99,4
4,The company reported strong quarterly earnings with revenue growth of 15% year-over-year.,8,nings,276,11.484,5
4,The company reported strong quarterly earnings with revenue growth of 15% year-over-year.,9,▁with,116,40.62,1
4,The company reported strong quarterly earnings with revenue growth of 15% year-over-year.,9,▁with,345,13.08,2
4,The company reported strong quarterly earnings with revenue growth of 15% year-over-year.,9,▁with,375,12.65,3
4,The company reported strong quarterly earnings with revenue growth of 15% year-over-year.,9,▁with,276,11.58,4
4,The company reported strong quarterly earnings with revenue growth of 15% year-over-year.,9,▁with,134,11.164,5
4,The company reported strong quarterly earnings with revenue growth of 15% year-over-year.,10,▁re,288,47.16,1
4,The company reported strong quarterly earnings with revenue growth of 15% year-over-year.,10,▁re,116,22.92,2
4,The company reported strong quarterly earnings with revenue growth of 15% year-over-year.,10,▁re,252,12.64,3
4,The company reported strong quarterly earnings with revenue growth of 15% year-over-year.,10,▁re,375,10.0,4
4,The company reported strong quarterly earnings with revenue growth of 15% year-over-year.,10,▁re,157,8.79,5
4,The company reported strong quarterly earnings with revenue growth of 15% year-over-year.,11,venue,116,34.94,1
4,The company reported strong quarterly earnings with revenue growth of 15% year-over-year.,11,venue,316,22.3,2
4,The company reported strong quarterly earnings with revenue growth of 15% year-over-year.,11,venue,200,19.83,3
4,The company reported strong quarterly earnings with revenue growth of 15% year-over-year.,11,venue,345,17.81,4
4,The company reported strong quarterly earnings with revenue growth of 15% year-over-year.,11,venue,183,15.76,5
4,The company reported strong quarterly earnings with revenue growth of 15% year-over-year.,12,▁growth,116,37.5,1
4,The company reported strong quarterly earnings with revenue growth of 15% year-over-year.,12,▁growth,183,19.39,2
4,The company reported strong quarterly earnings with revenue growth of 15% year-over-year.,12,▁growth,375,17.8,3
4,The company reported strong quarterly earnings with revenue growth of 15% year-over-year.,12,▁growth,316,17.42,4
4,The company reported strong quarterly earnings with revenue growth of 15% year-over-year.,12,▁growth,345,16.38,5
4,The company reported strong quarterly earnings with revenue growth of 15% year-over-year.,13,▁of,116,54.7,1
4,The company reported strong quarterly earnings with revenue growth of 15% year-over-year.,13,▁of,133,21.84,2
4,The company reported strong quarterly earnings with revenue growth of 15% year-over-year.,13,▁of,112,20.34,3
4,The company reported strong quarterly earnings with revenue growth of 15% year-over-year.,13,▁of,134,20.28,4
4,The company reported strong quarterly earnings with revenue growth of 15% year-over-year.,13,▁of,375,15.414,5
4,The company reported strong quarterly earnings with revenue growth of 15% year-over-year.,14,▁,116,45.84,1
4,The company reported strong quarterly earnings with revenue growth of 15% year-over-year.,14,▁,142,29.05,2
4,The company reported strong quarterly earnings with revenue growth of 15% year-over-year.,14,▁,134,19.98,3
4,The company reported strong quarterly earnings with revenue growth of 15% year-over-year.,14,▁,16,14.0,4
4,The company reported strong quarterly earnings with revenue growth of 15% year-over-year.,14,▁,216,10.99,5
4,The company reported strong quarterly earnings with revenue growth of 15% year-over-year.,15,1,116,38.22,1
4,The company reported strong quarterly earnings with revenue growth of 15% year-over-year.,15,1,179,30.19,2
4,The company reported strong quarterly earnings with revenue growth of 15% year-over-year.,15,1,325,18.5,3
4,The company reported strong quarterly earnings with revenue growth of 15% year-over-year.,15,1,134,17.48,4
4,The company reported strong quarterly earnings with revenue growth of 15% year-over-year.,15,1,16,10.055,5
4,The company reported strong quarterly earnings with revenue growth of 15% year-over-year.,16,5,116,39.97,1
4,The company reported strong quarterly earnings with revenue growth of 15% year-over-year.,16,5,368,21.98,2
4,The company reported strong quarterly earnings with revenue growth of 15% year-over-year.,16,5,325,18.3,3
4,The company reported strong quarterly earnings with revenue growth of 15% year-over-year.,16,5,134,15.5,4
4,The company reported strong quarterly earnings with revenue growth of 15% year-over-year.,16,5,375,11.88,5
4,The company reported strong quarterly earnings with revenue growth of 15% year-over-year.,17,%,116,32.3,1
4,The company reported strong quarterly earnings with revenue growth of 15% year-over-year.,17,%,375,16.31,2
4,The company reported strong quarterly earnings with revenue growth of 15% year-over-year.,17,%,324,15.97,3
4,The company reported strong quarterly earnings with revenue growth of 15% year-over-year.,17,%,345,15.266,4
4,The company reported strong quarterly earnings with revenue growth of 15% year-over-year.,17,%,314,12.82,5
4,The company reported strong quarterly earnings with revenue growth of 15% year-over-year.,18,▁year,116,32.97,1
4,The company reported strong quarterly earnings with revenue growth of 15% year-over-year.,18,▁year,243,22.94,2
4,The company reported strong quarterly earnings with revenue growth of 15% year-over-year.,18,▁year,95,14.11,3
4,The company reported strong quarterly earnings with revenue growth of 15% year-over-year.,18,▁year,134,13.3,4
4,The company reported strong quarterly earnings with revenue growth of 15% year-over-year.,18,▁year,340,12.98,5
4,The company reported strong quarterly earnings with revenue growth of 15% year-over-year.,19,-,367,31.17,1
4,The company reported strong quarterly earnings with revenue growth of 15% year-over-year.,19,-,116,25.86,2
4,The company reported strong quarterly earnings with revenue growth of 15% year-over-year.,19,-,95,16.56,3
4,The company reported strong quarterly earnings with revenue growth of 15% year-over-year.,19,-,375,11.11,4
4,The company reported strong quarterly earnings with revenue growth of 15% year-over-year.,19,-,172,10.92,5
4,The company reported strong quarterly earnings with revenue growth of 15% year-over-year.,20,over,116,33.1,1
4,The company reported strong quarterly earnings with revenue growth of 15% year-over-year.,20,over,229,30.44,2
4,The company reported strong quarterly earnings with revenue growth of 15% year-over-year.,20,over,192,27.48,3
4,The company reported strong quarterly earnings with revenue growth of 15% year-over-year.,20,over,134,23.72,4
4,The company reported strong quarterly earnings with revenue growth of 15% year-over-year.,20,over,188,16.47,5
4,The company reported strong quarterly earnings with revenue growth of 15% year-over-year.,21,-,116,25.12,1
4,The company reported strong quarterly earnings with revenue growth of 15% year-over-year.,21,-,367,22.53,2
4,The company reported strong quarterly earnings with revenue growth of 15% year-over-year.,21,-,145,14.17,3
4,The company reported strong quarterly earnings with revenue growth of 15% year-over-year.,21,-,172,13.734,4
4,The company reported strong quarterly earnings with revenue growth of 15% year-over-year.,21,-,161,10.125,5
4,The company reported strong quarterly earnings with revenue growth of 15% year-over-year.,22,year,116,28.89,1
4,The company reported strong quarterly earnings with revenue growth of 15% year-over-year.,22,year,345,15.77,2
4,The company reported strong quarterly earnings with revenue growth of 15% year-over-year.,22,year,375,15.52,3
4,The company reported strong quarterly earnings with revenue growth of 15% year-over-year.,22,year,283,14.41,4
4,The company reported strong quarterly earnings with revenue growth of 15% year-over-year.,22,year,314,14.11,5
4,The company reported strong quarterly earnings with revenue growth of 15% year-over-year.,23,.,205,318.8,1
4,The company reported strong quarterly earnings with revenue growth of 15% year-over-year.,23,.,364,309.0,2
4,The company reported strong quarterly earnings with revenue growth of 15% year-over-year.,23,.,248,282.0,3
4,The company reported strong quarterly earnings with revenue growth of 15% year-over-year.,23,.,37,280.0,4
4,The company reported strong quarterly earnings with revenue growth of 15% year-over-year.,23,.,254,272.2,5
5,Students are preparing for their final exams next week.,0,<s>,205,94.6,1
5,Students are preparing for their final exams next week.,0,<s>,94,94.0,2
5,Students are preparing for their final exams next week.,0,<s>,248,85.94,3
5,Students are preparing for their final exams next week.,0,<s>,93,82.8,4
5,Students are preparing for their final exams next week.,0,<s>,39,80.7,5
5,Students are preparing for their final exams next week.,1,▁Stud,116,30.72,1
5,Students are preparing for their final exams next week.,1,▁Stud,276,20.4,2
5,Students are preparing for their final exams next week.,1,▁Stud,134,10.414,3
5,Students are preparing for their final exams next week.,1,▁Stud,208,8.96,4
5,Students are preparing for their final exams next week.,1,▁Stud,72,8.695,5
5,Students are preparing for their final exams next week.,2,ents,116,45.9,1
5,Students are preparing for their final exams next week.,2,ents,276,28.28,2
5,Students are preparing for their final exams next week.,2,ents,134,16.61,3
5,Students are preparing for their final exams next week.,2,ents,40,14.484,4
5,Students are preparing for their final exams next week.,2,ents,370,11.37,5
5,Students are preparing for their final exams next week.,3,▁are,116,51.12,1
5,Students are preparing for their final exams next week.,3,▁are,276,25.78,2
5,Students are preparing for their final exams next week.,3,▁are,156,21.36,3
5,Students are preparing for their final exams next week.,3,▁are,134,15.336,4
5,Students are preparing for their final exams next week.,3,▁are,71,15.195,5
5,Students are preparing for their final exams next week.,4,▁prepar,116,33.66,1
5,Students are preparing for their final exams next week.,4,▁prepar,185,21.33,2
5,Students are preparing for their final exams next week.,4,▁prepar,376,17.64,3
5,Students are preparing for their final exams next week.,4,▁prepar,134,14.97,4
5,Students are preparing for their final exams next week.,4,▁prepar,381,13.08,5
5,Students are preparing for their final exams next week.,5,ing,116,50.3,1
5,Students are preparing for their final exams next week.,5,ing,276,24.9,2
5,Students are preparing for their final exams next week.,5,ing,355,22.61,3
5,Students are preparing for their final exams next week.,5,ing,131,15.9,4
5,Students are preparing for their final exams next week.,5,ing,134,13.61,5
5,Students are preparing for their final exams next week.,6,▁for,116,52.47,1
5,Students are preparing for their final exams next week.,6,▁for,276,26.45,2
5,Students are preparing for their final exams next week.,6,▁for,372,14.484,3
5,Students are preparing for their final exams next week.,6,▁for,120,12.75,4
5,Students are preparing for their final exams next week.,6,▁for,96,12.63,5
5,Students are preparing for their final exams next week.,7,▁their,116,45.06,1
5,Students are preparing for their final exams next week.,7,▁their,276,22.36,2
5,Students are preparing for their final exams next week.,7,▁their,372,20.2,3
5,Students are preparing for their final exams next week.,7,▁their,81,16.2,4
5,Students are preparing for their final exams next week.,7,▁their,134,12.76,5
5,Students are preparing for their final exams next week.,8,▁final,116,37.38,1
5,Students are preparing for their final exams next week.,8,▁final,276,18.67,2
5,Students are preparing for their final exams next week.,8,▁final,372,14.09,3
5,Students are preparing for their final exams next week.,8,▁final,70,12.27,4
5,Students are preparing for their final exams next week.,8,▁final,134,12.14,5
5,Students are preparing for their final exams next week.,9,▁ex,157,21.6,1
5,Students are preparing for their final exams next week.,9,▁ex,116,16.19,2
5,Students are preparing for their final exams next week.,9,▁ex,161,14.08,3
5,Students are preparing for their final exams next week.,9,▁ex,119,12.54,4
5,Students are preparing for their final exams next week.,9,▁ex,208,12.03,5
5,Students are preparing for their final exams next week.,10,ams,116,46.16,1
5,Students are preparing for their final exams next week.,10,ams,375,20.17,2
5,Students are preparing for their final exams next week.,10,ams,134,14.484,3
5,Students are preparing for their final exams next week.,10,ams,276,14.336,4
5,Students are preparing for their final exams next week.,10,ams,283,12.82,5
5,Students are preparing for their final exams next week.,11,▁next,116,40.3,1
5,Students are preparing for their final exams next week.,11,▁next,134,20.78,2
5,Students are preparing for their final exams next week.,11,▁next,284,17.38,3
5,Students are preparing for their final exams next week.,11,▁next,145,16.11,4
5,Students are preparing for their final exams next week.,11,▁next,276,14.83,5
5,Students are preparing for their final exams next week.,12,▁week,116,45.94,1
5,Students are preparing for their final exams next week.,12,▁week,375,21.31,2
5,Students are preparing for their final exams next week.,12,▁week,191,19.39,3
5,Students are preparing for their final exams next week.,12,▁week,230,17.6,4
5,Students are preparing for their final exams next week.,12,▁week,276,14.12,5
5,Students are preparing for their final exams next week.,13,.,205,315.0,1
5,Students are preparing for their final exams next week.,13,.,364,294.5,2
5,Students are preparing for their final exams next week.,13,.,248,278.5,3
5,Students are preparing for their final exams next week.,13,.,37,270.8,4
5,Students are preparing for their final exams next week.,13,.,254,263.5,5
6,The chef prepared a delicious three-course meal for the dinner party.,0,<s>,205,94.6,1
6,The chef prepared a delicious three-course meal for the dinner party.,0,<s>,94,94.0,2
6,The chef prepared a delicious three-course meal for the dinner party.,0,<s>,248,85.94,3
6,The chef prepared a delicious three-course meal for the dinner party.,0,<s>,93,82.8,4
6,The chef prepared a delicious three-course meal for the dinner party.,0,<s>,39,80.7,5
6,The chef prepared a delicious three-course meal for the dinner party.,1,▁The,116,61.3,1
6,The chef prepared a delicious three-course meal for the dinner party.,1,▁The,276,35.2,2
6,The chef prepared a delicious three-course meal for the dinner party.,1,▁The,134,22.03,3
6,The chef prepared a delicious three-course meal for the dinner party.,1,▁The,224,16.62,4
6,The chef prepared a delicious three-course meal for the dinner party.,1,▁The,304,14.44,5
6,The chef prepared a delicious three-course meal for the dinner party.,2,▁chef,116,46.88,1
6,The chef prepared a delicious three-course meal for the dinner party.,2,▁chef,276,22.84,2
6,The chef prepared a delicious three-course meal for the dinner party.,2,▁chef,134,19.27,3
6,The chef prepared a delicious three-course meal for the dinner party.,2,▁chef,40,16.17,4
6,The chef prepared a delicious three-course meal for the dinner party.,2,▁chef,271,15.164,5
6,The chef prepared a delicious three-course meal for the dinner party.,3,▁prepared,116,58.94,1
6,The chef prepared a delicious three-course meal for the dinner party.,3,▁prepared,276,24.39,2
6,The chef prepared a delicious three-course meal for the dinner party.,3,▁prepared,217,17.66,3
6,The chef prepared a delicious three-course meal for the dinner party.,3,▁prepared,134,16.44,4
6,The chef prepared a delicious three-course meal for the dinner party.,3,▁prepared,96,15.01,5
6,The chef prepared a delicious three-course meal for the dinner party.,4,▁a,116,64.2,1
6,The chef prepared a delicious three-course meal for the dinner party.,4,▁a,100,26.56,2
6,The chef prepared a delicious three-course meal for the dinner party.,4,▁a,276,21.36,3
6,The chef prepared a delicious three-course meal for the dinner party.,4,▁a,134,13.09,4
6,The chef prepared a delicious three-course meal for the dinner party.,4,▁a,375,12.61,5
6,The chef prepared a delicious three-course meal for the dinner party.,5,▁del,116,26.22,1
6,The chef prepared a delicious three-course meal for the dinner party.,5,▁del,246,17.7,2
6,The chef prepared a delicious three-course meal for the dinner party.,5,▁del,106,15.09,3
6,The chef prepared a delicious three-course meal for the dinner party.,5,▁del,157,13.805,4
6,The chef prepared a delicious three-course meal for the dinner party.,5,▁del,281,11.02,5
6,The chef prepared a delicious three-course meal for the dinner party.,6,icious,116,55.2,1
6,The chef prepared a delicious three-course meal for the dinner party.,6,icious,276,19.39,2
6,The chef prepared a delicious three-course meal for the dinner party.,6,icious,47,18.78,3
6,The chef prepared a delicious three-course meal for the dinner party.,6,icious,375,12.72,4
6,The chef prepared a delicious three-course meal for the dinner party.,6,icious,365,12.34,5
6,The chef prepared a delicious three-course meal for the dinner party.,7,▁three,284,31.6,1
6,The chef prepared a delicious three-course meal for the dinner party.,7,▁three,116,29.12,2
6,The chef prepared a delicious three-course meal for the dinner party.,7,▁three,243,25.92,3
6,The chef prepared a delicious three-course meal for the dinner party.,7,▁three,375,13.75,4
6,The chef prepared a delicious three-course meal for the dinner party.,7,▁three,368,13.63,5
6,The chef prepared a delicious three-course meal for the dinner party.,8,-,367,36.3,1
6,The chef prepared a delicious three-course meal for the dinner party.,8,-,284,28.83,2
6,The chef prepared a delicious three-course meal for the dinner party.,8,-,116,19.64,3
6,The chef prepared a delicious three-course meal for the dinner party.,8,-,172,12.17,4
6,The chef prepared a delicious three-course meal for the dinner party.,8,-,375,10.914,5
6,The chef prepared a delicious three-course meal for the dinner party.,9,course,116,36.5,1
6,The chef prepared a delicious three-course meal for the dinner party.,9,course,172,16.66,2
6,The chef prepared a delicious three-course meal for the dinner party.,9,course,47,15.71,3
6,The chef prepared a delicious three-course meal for the dinner party.,9,course,375,12.09,4
6,The chef prepared a delicious three-course meal for the dinner party.,9,course,276,11.79,5
6,The chef prepared a delicious three-course meal for the dinner party.,10,▁me,116,28.9,1
6,The chef prepared a delicious three-course meal for the dinner party.,10,▁me,290,17.94,2
6,The chef prepared a delicious three-course meal for the dinner party.,10,▁me,134,13.72,3
6,The chef prepared a delicious three-course meal for the dinner party.,10,▁me,252,13.18,4
6,The chef prepared a delicious three-course meal for the dinner party.,10,▁me,161,9.76,5
6,The chef prepared a delicious three-course meal for the dinner party.,11,al,116,42.88,1
6,The chef prepared a delicious three-course meal for the dinner party.,11,al,91,25.62,2
6,The chef prepared a delicious three-course meal for the dinner party.,11,al,375,20.47,3
6,The chef prepared a delicious three-course meal for the dinner party.,11,al,355,16.72,4
6,The chef prepared a delicious three-course meal for the dinner party.,11,al,276,16.25,5
6,The chef prepared a delicious three-course meal for the dinner party.,12,▁for,116,53.75,1
6,The chef prepared a delicious three-course meal for the dinner party.,12,▁for,276,24.52,2
6,The chef prepared a delicious three-course meal for the dinner party.,12,▁for,12,17.25,3
6,The chef prepared a delicious three-course meal for the dinner party.,12,▁for,134,15.93,4
6,The chef prepared a delicious three-course meal for the dinner party.,12,▁for,133,15.89,5
6,The chef prepared a delicious three-course meal for the dinner party.,13,▁the,116,54.6,1
6,The chef prepared a delicious three-course meal for the dinner party.,13,▁the,276,22.56,2
6,The chef prepared a delicious three-course meal for the dinner party.,13,▁the,346,21.61,3
6,The chef prepared a delicious three-course meal for the dinner party.,13,▁the,134,20.7,4
6,The chef prepared a delicious three-course meal for the dinner party.,13,▁the,304,19.08,5
6,The chef prepared a delicious three-course meal for the dinner party.,14,▁dinner,116,37.6,1
6,The chef prepared a delicious three-course meal for the dinner party.,14,▁dinner,134,15.72,2
6,The chef prepared a delicious three-course meal for the dinner party.,14,▁dinner,283,15.71,3
6,The chef prepared a delicious three-course meal for the dinner party.,14,▁dinner,276,15.18,4
6,The chef prepared a delicious three-course meal for the dinner party.,14,▁dinner,375,15.13,5
6,The chef prepared a delicious three-course meal for the dinner party.,15,▁party,116,41.8,1
6,The chef prepared a delicious three-course meal for the dinner party.,15,▁party,375,18.4,2
6,The chef prepared a delicious three-course meal for the dinner party.,15,▁party,283,16.81,3
6,The chef prepared a delicious three-course meal for the dinner party.,15,▁party,134,14.87,4
6,The chef prepared a delicious three-course meal for the dinner party.,15,▁party,346,14.58,5
6,The chef prepared a delicious three-course meal for the dinner party.,16,.,205,326.0,1
6,The chef prepared a delicious three-course meal for the dinner party.,16,.,364,306.0,2
6,The chef prepared a delicious three-course meal for the dinner party.,16,.,248,286.8,3
6,The chef prepared a delicious three-course meal for the dinner party.,16,.,37,280.5,4
6,The chef prepared a delicious three-course meal for the dinner party.,16,.,254,273.5,5
